Feature_0,Feature_1,Feature_2,Feature_3,Feature_4,Feature_5,Feature_6
27.76666666666667,2.01,12.466666666666669,30.0,52.0,48.0,4.933333333333334
1.2333333333333334,0.11333333333333334,18.566666666666666,26.333333333333332,51.333333333333336,48.666666666666664,0.25
1.7,0.22000000000000003,14.919999999999998,27.4,50.8,49.2,0.34
3.128571428571429,0.37,12.6,31.285714285714285,52.285714285714285,47.714285714285715,0.6857142857142857
4.42,0.538,12.1,29.4,51.0,49.0,1.08
103.5,7.18,10.5,32.0,52.0,48.0,18.0
