Feature_0,Feature_1,Feature_2,Feature_3,Feature_4,Feature_5,Feature_6
44.1,2.57,11.2,31.0,53.0,47.0,7.5
1.525,0.18000000000000002,16.2875,27.0,51.0,49.0,0.30624999999999997
16.566666666666666,1.4966666666666668,12.366666666666667,29.666666666666668,51.333333333333336,48.666666666666664,3.366666666666667
103.5,7.18,10.5,32.0,52.0,48.0,18.0
3.4000000000000004,0.42777777777777776,12.922222222222222,30.666666666666668,51.888888888888886,48.111111111111114,0.7555555555555555
1.4500000000000002,0.2,10.75,30.0,51.5,48.5,0.30000000000000004
